Nagoya,  名古屋市,    Aichi,   2283289,   326.45,  6860,   1889-10-01
Toyohashi,   豊橋市,  Aichi,   377045,     261.35,  1443,   1906-08-01
Okazaki,     岡崎市,  Aichi,   371380,     387.24,  959,     1916-07-01
Ichinomiya,  一宮市,  Aichi,   375939,     113.91,  3300,   1921-09-01
Seto,    瀬戸市,  Aichi,   132311,     111.61,  1185,   1929-10-01
Handa,   半田市,  Aichi,   117927,     47.24,   2496,   1937-10-01
Kasugai,     春日井市,    Aichi,   300713,     92.71,   3244,   1943-06-01
Toyokawa,    豊川市,  Aichi,   161595,     150.71,  1072,   1943-06-01
Tsushima,    津島市,  Aichi,   65646,  25.08,   2617,   1947-03-01
Hekinan,     碧南市,  Aichi,   73024,  35.86,   2036,   1948-04-05
Kariya,  刈谷市,  Aichi,   145117,     50.45,   2876,   1950-04-01
Toyota,  豊田市,  Aichi,   420286,     918.47,  458,     1951-03-01
Anjō,    安城市,  Aichi,   176046,     86.01,   2047,   1952-05-05
Nishio,  西尾市,  Aichi,   106643,     75.78,   1407,   1953-12-15
Gamagōri,    蒲郡市,  Aichi,   82264,  56.81,   1448,   1954-04-01
Inuyama,     犬山市,  Aichi,   75304,  74.97,   1004,   1954-04-01
Tokoname,    常滑市,  Aichi,   52837,  55.63,   950,     1954-04-01
Kōnan,   江南市,  Aichi,   100064,     30.17,   3317,   1954-06-01
Komaki,  小牧市,  Aichi,   149060,     62.82,   2373,   1955-01-01
Inazawa,     稲沢市,  Aichi,   137475,     79.30,   1734,   1958-11-01
Tōkai,   東海市,  Aichi,   106708,     43.36,   2461,   1969-04-01
Ōbu,     大府市,  Aichi,   83097,  33.68,   2467,   1970-09-01
Chita,   知多市,  Aichi,   84782,  45.43,   1866,   1970-09-01
Chiryū,  知立市,  Aichi,   68216,  16.34,   4175,   1970-12-01
Owariasahi,  尾張旭市,    Aichi,   79197,  21.03,   3766,   1970-12-01
Takahama,    高浜市,  Aichi,   43467,  13.00,   3344,   1970-12-01
Iwakura,     岩倉市,  Aichi,   48042,  10.49,   4580,   1971-12-01
Toyoake,     豊明市,  Aichi,   69124,  23.18,   2982,   1972-08-01
Nisshin,     日進市,  Aichi,   80921,  34.90,   2319,   1994-10-01
Tahara,  田原市,  Aichi,   66698,  188.81,  353,     2003-08-20
Aisai,   愛西市,  Aichi,   65481,  66.63,   983,     2005-04-01
Kiyosu,  清須市,  Aichi,   56635,  13.31,   4255,   2005-07-07
Shinshiro,   新城市,  Aichi,   51326,  499.00,  103,     2005-10-01
Kitanagoya,  北名古屋市,  Aichi,   80112,  18.37,   4361,   2006-03-20
Yatomi,  弥富市,  Aichi,   43145,  48.92,   882,     2006-04-01
Akita,   秋田市,  Akita,   329287,     905.67,  364,     1889-04-01
Ōdate,   大館市,  Akita,   80587,  913.70,  88.2,    1951-04-01
Kazuno,  鹿角市,  Akita,   35543,  707.34,  50.2,    1972-04-01
Daisen,  大仙市,  Akita,   91143,  866.67,  102,     2005-03-22
Katagami,    潟上市,  Akita,   35460,  97.96,   362,     2005-03-22
Kitaakita,   北秋田市,    Akita,   38543,  1152.57,    33.4,    2005-03-22
Oga,     男鹿市,  Akita,   34194,  240.80,  142,     2005-03-22
Yurihonjō,   由利本荘市,  Akita,   87525,  1209.04,    72.4,    2005-03-22
Yuzawa,  湯沢市,  Akita,   53588,  790.72,  67.8,    2005-03-22
Semboku,     仙北市,  Akita,   30885,  1093.64,    28.2,    2005-09-20
Yokote,  横手市,  Akita,   101234,     693.60,  146,     2005-10-01
Nikaho,  にかほ,市,    Akita,   28422,  240.61,  118,     2005-10-01
Noshiro,     能代市,  Akita,   61295,  426.74,  144,     2006-03-21
Hachinohe,   八戸市,  Aomori,  241613,     305.17,  792,     1929-05-01
Kuroishi,    黒石市,  Aomori,  37585,  216.96,  173,     1954-07-01
Misawa,  三沢市,  Aomori,  42535,  119.97,  355,     1958-09-01
Mutsu,   むつ,市,  Aomori,  62220  863.79,,  72.0    1959-09-01
Towada,  十和田市,    Aomori,  66834,  688.60,  97.1,   2005-01-01
Tsugaru,     つがる,市,    Aomori,  38919  253.85,,  153     2005-02-11
Goshogawara,     五所川原市,  Aomori,  60788,  404.58,  150,     2005-03-28
Aomori,  青森市,  Aomori,  305884,     824.52,  371,     2005-04-01
Hirakawa,    平川市,  Aomori,  34638,  345.81,  100,     2006-01-01
Hirosaki,    弘前市,  Aomori,  185865,     523.60,  355,     2006-02-27
Chiba,   千葉市,  Chiba,   938695,     272.08,  3450,   1921-01-01
Chōshi,  銚子市,  Chiba,   72348,  83.91,   862,     1933-02-11
Ichikawa,    市川市,  Chiba,   470149,     57.40,   8191,   1934-11-03
Funabashi,   船橋市,  Chiba,   586762,     85.64,   6851,   1937-04-01
Tateyama,    館山市,  Chiba,   49987,  110.21,  454,     1939-11-03
Kisarazu,    木更津市,    Chiba,   123743,     138.73,  892,     1942-11-03
Matsudo,     松戸市,  Chiba,   477603,     61.33,   7787,   1943-04-01
Noda,    野田市,  Chiba,   153422,     103.54,  1482,   1950-05-03
Mobara,  茂原市,  Chiba,   93032,  100.01,  930,     1952-04-01
Narita,  成田市,  Chiba,   124773,     213.84,  583,     1954-03-31
Sakura,  佐倉市,  Chiba,   171472,     103.59,  1655,   1954-03-31
Tōgane,  東金市,  Chiba,   61591,  89.34,   689,     1954-04-01
Narashino,   習志野市,    Chiba,   159758,     20.99,   7611,   1954-08-01
Kashiwa,     柏市,    Chiba,   389036,     114.90,  3386,   1954-09-01
Katsuura,    勝浦市,  Chiba,   21413,  94.20,   227,     1958-10-01
Ichihara,    市原市,  Chiba,   279591,     368.20,  759,     1963-05-01
Nagareyama,  流山市,  Chiba,   156686,     35.28,   4441,   1967-01-01
Yachiyo,     八千代市,    Chiba,   184655,     51.27,   3602,   1967-01-01
Abiko,   我孫子市,    Chiba,   133533,     43.19,   3092,   1970-07-01
Kamagaya,    鎌ヶ谷市,    Chiba,   104564,     21.11,   4953,   1971-09-01
Kimitsu,     ,君津市,  Chiba,   89350,  318.83,  280,     1971-09-01
Futtsu,  富津市,  Chiba,   48973,  205.35,  238,     1971-09-01
Urayasu,     浦安市,  Chiba,   159312,     17.29,   9214,   1981-04-01
Yotsukaidō,  四街道市,    Chiba,   85738,  34.70,   2471,   1981-04-01
Sodegaura,   袖ヶ浦市,    Chiba,   59443,  94.92,,   626     1991-04-01
Yachimata,   八街市,  Chiba,   75369,  74.87,   1007,   1992-04-01
Inzai,   印西市,  Chiba,   60280,  53.51,   1127,   1996-04-01
Shiroi,  白井市,  Chiba,   57151,  35.41,   1614,   2001-04-01
Tomisato,    富里市,  Chiba,   51590,  53.91,   957,     2002-04-01
Kamogawa,    鴨川市,  Chiba,   35792,  191.30,  187,     2005-02-11
Asahi,   旭市,    Chiba,   69971,  129.91,  539,     2005-07-01
Isumi,   いすみ市,    Chiba,   41605,  157.50,,  264     2005-12-05
Sōsa,    匝瑳市,  Chiba,   41361,  101.78,  406,     2006-01-23
Minamibōsō,  南房総市,    Chiba,   43553,  230.22,  189,     2006-03-20
Katori,  香取市,  Chiba,   85193,  262.31,  325,     2006-03-27
Sanmu,   山武市,  Chiba,   57806,  146.38,  395,     2006-03-27
Matsuyama,   松山市,  Ehime,   515068,     429.03,  1201,   1889-12-15
Niihama,     新居浜市,    Ehime,   123329,     234.30,  526,     1937-11-03
Shikokuchūō,     四国中央市,  Ehime,   91688,  420.10,  218,     2004-04-01
Seiyo,   西予市,  Ehime,   43476,  514.79,  84.5,    2004-04-01
Tōon,    東温市,  Ehime,   35517,  211.45,  168,     2004-09-21
Saijō,   西条市,  Ehime,   112543,     509.05,  221,     2004-11-01
Ōzu,     大洲市,  Ehime,   49543,  432.20,  115,     2005-01-11
Imabari,     今治市,  Ehime,   170986,     419.85,  407,     2005-01-16
Yawatahama,  八幡浜市,    Ehime,   40010,  132.98,  301,     2005-03-28
Iyo,     伊予市,  Ehime,   38890,  194.47,  200,     2005-04-01
Uwajima,     宇和島市,    Ehime,   86819,  469.52,  185,     2005-08-01
Fukui,   福井市,  Fukui,   268574,     536.17,  501,     1889-04-01
Tsuruga,     敦賀市,  Fukui,   68188,  250.75,  272,     1937-04-01
Obama,   小浜市,  Fukui,   31486,  232.86,  135,     1951-03-30
Ōno,     大野市,  Fukui,   36763,  872.30,  42.1,    1954-07-01
Katsuyama,   勝山市,  Fukui,   26333,  253.68,  104,     1954-09-01
Sabae,   鯖江市,  Fukui,   67430,  84.75,   796,     1955-01-15
Awara,   あわら,市,    Fukui,   30765  116.99,,  263     2004-03-01
Echizen,     越前市,  Fukui,   87116,  230.75,  378,     2005-10-01
Sakai,   坂井市,  Fukui,   92420,  209.91,  440,     2006-03-20
Fukuoka,     福岡市,  Fukuoka,     1430371,   340.96,  4195,   1889-04-01
Kurume,  久留米市,    Fukuoka,     305147,     229.84,  1328,   1889-04-01
Ōmuta,   大牟田市,    Fukuoka,     127474,     81.55,   1563,   1917-03-01
Nōgata,  直方市,  Fukuoka,     57319,  61.78,   928,     1931-01-01
Tagawa,  田川市,  Fukuoka,     50484,  54.52,   926,     1943-11-03
Yanagawa,    柳川市,  Fukuoka,     72798,  76.90,   947,     1952-04-01
Yame,    八女市,  Fukuoka,     42241,  98.66,   428,     1954-04-01
Chikugo,     筑後市,  Fukuoka,     48281,  41.85,   1154,   1954-04-01
Ōkawa,   大川市,  Fukuoka,     38266,  33.61,   1139,   1954-04-01
Yukuhashi,   行橋市,  Fukuoka,     70064,  69.83,   1003,   1954-10-10
Buzen,   豊前市,  Fukuoka,     27578,  111.17,  248,     1955-04-10
Nakama,  中間市,  Fukuoka,     45549,  15.98,   2850,   1958-11-01
Kitakyūshū,  北九州市,    Fukuoka,     986998,     487.71,  2024,   1963-02-10
Ogōri,   小郡市,  Fukuoka,     58460,  45.50,   1285,   1972-04-01
Chikushino,  筑紫野市,    Fukuoka,     98914,  87.78,   1127,   1972-04-01
Kasuga,  春日市,  Fukuoka,     107845,     14.15,   7622,   1972-04-01
Ōnojō,   大野城市,    Fukuoka,     94037,  26.88,   3498,   1972-04-01
Munakata,    宗像市,  Fukuoka,     94877,  119.66,  793,     1981-04-01
Dazaifu,     太宰府市,    Fukuoka,     68561,  29.58,   2318,   1982-04-01
Koga,    古賀市,  Fukuoka,     57084,  42.11,   1356,   1997-10-01
Fukutsu,     福津市,  Fukuoka,     55123,  52.70,   1046,   2005-01-24
Ukiha,   うきは,市,    Fukuoka,     32277  117.55,,  275     2005-03-20
Miyawaka,    宮若市,  Fukuoka,     30793,  139.99,  220,     2006-02-11
Asakura,     朝倉市,  Fukuoka,     57881,  246.73,  235,     2006-03-20
Iizuka,  飯塚市,  Fukuoka,     132208,     214.13,  617,     2006-03-26
Kama,    嘉麻市,  Fukuoka,     44431,  135.18,  329,     2006-03-27
Miyama,  みやま市,    Fukuoka,     42219,  105.12,  402,     2007-01-29
Itoshima,    糸島市,  Fukuoka,     -,   216.12,  -,   2010-01-01
Aizuwakamatsu,   会津若松市,  Fukushima,   129388,     383.03,  338,     1899-04-01
Fukushima,   福島市,  Fukushima,   289355,     746.43,  388,     1907-04-01
Kōriyama,    郡山市,  Fukushima,   339395,     757.06,  448,     1924-09-01
Sukagawa,    須賀川市,    Fukushima,   80336,  279.55,  287,     1954-03-31
Sōma,    相馬市,  Fukushima,   38543,  197.67,  195,     1954-03-31
Iwaki,   いわき,市,    Fukushima,   349947     1231.34,,    284     1966-10-01
Tamura,  田村市,  Fukushima,   42221,  458.30,  92.1,    2005-03-01
Shirakawa,   白河市,  Fukushima,   65665,  305.30,  215,     2005-11-07
Nihonmatsu,  二本松市,    Fukushima,   61698,  344.65,  179,     2005-12-01
Minamisōma,  南相馬市,    Fukushima,   71761,  398.50,  180,     2006-01-01
Date,    伊達市,  Fukushima,   67487,  265.10,  255,     2006-01-01
Kitakata,    喜多方市,    Fukushima,   54684,  554.67,  98.6,    2006-01-04
Motomiya,    本宮市,  Fukushima,   31737,  87.94,   361,     2007-01-01
Gifu,    岐阜市,  Gifu,    412779,     202.89,  2034,   1889-07-01
Ōgaki,   大垣市,  Gifu,    163047,     206.52,  789,     1918-04-01
Takayama,    高山市,  Gifu,    94879,  2177.67,    43.6,    1936-11-01
Tajimi,  多治見市,    Gifu,    114866,     91.24,   1259,   1940-08-01
Seki,    関市,    Gifu,    92896,  472.84,  196,     1950-10-15
Nakatsugawa,     中津川市,    Gifu,    83116,  676.38,  123,     1952-04-01
Mino,    美濃市,  Gifu,    22912,  117.05,  196,     1954-04-01
Mizunami,    瑞浪市,  Gifu,    41556,  175.00,  237,     1954-04-01
Hashima,     羽島市,  Gifu,    67167,  53.64,   1252,   1954-04-01
Minokamo,    美濃加茂市,  Gifu,    53988,  74.81,   722,     1954-04-01
Toki,    土岐市,  Gifu,    61393,  116.01,  529,     1955-02-01
Kakamigahara,    各務原市,    Gifu,    145126,     87.77,   1653,   1963-04-01
Kani,    可児市,  Gifu,    99318,  87.60,   1134,   1982-04-01
Yamagata,    山県市,  Gifu,    29857,  222.04,  134,     2003-04-01
Mizuho,  瑞穂市,  Gifu,    51230,  28.18,   1818,   2003-05-01
Hida,    飛騨市,  Gifu,    28112,  792.31,  35.5,    2004-02-01
Motosu,  本巣市,  Gifu,    34729,  374.57,  92.7,    2004-02-01
Gujō,    郡上市,  Gifu,    46338,  1030.79,    45.0,    2004-03-01
Gero,    下呂市,  Gifu,    37455,  851.06,  44.0,    2004-03-01
Ena,     恵那市,  Gifu,    54844,  504.19,  109,     2004-10-25
Kaizu,   海津市,  Gifu,    38532,  112.31,  343,     2005-03-28
Maebashi,    前橋市,  Gunma,   318058,     241.22,  1319,   1892-04-01
Takasaki,    高崎市,  Gunma,   341838,     401.01,  852,     1900-04-01
Kiryū,   桐生市,  Gunma,   124892,     274.57,  455,     1921-03-01
Isesaki,     伊勢崎市,    Gunma,   204240,     139.33,  1466,   1940-09-13
Ōta,     太田市,  Gunma,   214049,     176.49,  1213,   1948-05-03
Numata,  沼田市,  Gunma,   52319,  443.37,  118,     1954-04-01
Tatebayashi,     館林市,  Gunma,   79023,  60.98,   1296,   1954-04-01
Fujioka,     藤岡市,  Gunma,   68710,  180.09,  382,     1954-04-01
Shibukawa,   渋川市,  Gunma,   86134,  240.42,  358,     2006-02-20
Annaka,  安中市,  Gunma,   62270,  276.34,  225,     2006-03-18
Tomioka,     富岡市,  Gunma,   53332,  122.90,  434,     2006-03-27
Midori,  みどり,市,    Gunma,   51964  208.23,,  250     2006-03-27
Hiroshima,   広島市,  Hiroshima,   1163806,   905.13,  1286,   1889-04-01
Onomichi,    尾道市,  Hiroshima,   148085,     284.85,  520,     1898-04-01
Kure,    呉市,    Hiroshima,   246118,     353.74,  696,     1902-10-01
Fukuyama,    福山市,  Hiroshima,   461368,     518.07,  891,     1916-07-01
Mihara,  三原市,  Hiroshima,   103209,     471.03,  219,     1936-11-15
Fuchū,   府中市,  Hiroshima,   44212,  195.71,  226,     1954-03-31
Miyoshi,     三次市,  Hiroshima,   58264,  778.19,  74.9,    1954-03-31
Shōbara,     庄原市,  Hiroshima,   41747,  1246.60,    33.5,    1954-03-31
Ōtake,   大竹市,  Hiroshima,   29665,  78.55,   378,     1954-09-01
Takehara,    竹原市,  Hiroshima,   29803,  118.30,  252,     1958-11-03
Higashihiroshima,    東広島市,    Hiroshima,   187711,     635.32,  295,     1974-04-20
Hatsukaichi,     廿日市市,    Hiroshima,   115184,     489.36,  235,     1988-04-01
Akitakata,   安芸高田市,  Hiroshima,   32323,  537.79,  60.1,    2004-03-01
Etajima,     江田島市,    Hiroshima,   28601,  100.97,  283,     2004-11-01
Sapporo,     札幌市,  Hokkaidō,    1918096,   1710.00,    1699,   1922-08-01
Hakodate,    函館市,  Hokkaidō,    277056,     677.89,  409,     1922-08-01
Otaru,   小樽市,  Hokkaidō,    130255,     243.30,  535,     1922-08-01
Asahikawa,   旭川市,  Hokkaidō,    350511,     747.60,  469,     1922-08-01
Muroran,     室蘭市,  Hokkaidō,    93078,  80.65,   1154,   1922-08-01
Obihiro,     帯広市,  Hokkaidō,    168188,     618.94,  272,     1933-04-01
Yūbari,  夕張市,  Hokkaidō,    10471,  763.20,  13.7,    1943-04-01
Iwamizawa,   岩見沢市,    Hokkaidō,    89023,  481.10,  185,     1943-04-01
Abashiri,    網走市,  Hokkaidō,    38548,  471.00,  81.8,    1947-02-11
Rumoi,   留萌市,  Hokkaidō,    24036,  297.44,  80.8,    1947-10-01
Tomakomai,   苫小牧市,    Hokkaidō,    173761,     561.49,  309,     1948-04-01
Wakkanai,    稚内市,  Hokkaidō,    37911,  760.83,  49.8,    1949-04-01
Bibai,   美唄市,  Hokkaidō,    25312,  277.61,  91.2,    1950-04-01
Ashibetsu,   芦別市,  Hokkaidō,    16465,  865.02,  19.0,    1953-04-01
Ebetsu,  江別市,  Hokkaidō,    120940,     187.57,  645,     1954-07-01
Akabira,     赤平市,  Hokkaidō,    12234,  129.88,  94.2,    1954-07-01
Monbetsu,    紋別市,  Hokkaidō,    24293,  830.70,  29.2,    1954-07-01
Mikasa,  三笠市,  Hokkaidō,    10070,  302.64,  33.3,    1957-04-01
Nemuro,  根室市,  Hokkaidō,    28923,  512.63,  56.4,    1957-08-01
Chitose,     千歳市,  Hokkaidō,    94124,  594.95,  158,     1958-07-01
Takikawa,    滝川市,  Hokkaidō,    42815,  115.82,  370,     1958-07-01
Sunagawa,    砂川市,  Hokkaidō,    18740,  78.69,   238,     1958-07-01
Utashinai,   歌志内市,    Hokkaidō,    4259,   55.99,   76.1,    1958-07-01
Fukagawa,    深川市,  Hokkaidō,    23215,  529.23,  43.9,    1963-05-01
Furano,  富良野市,    Hokkaidō,    23890,  600.97,  39.8,    1966-05-01
Noboribetsu,     登別市,  Hokkaidō,    51474,  212.11,  243,     1970-08-01
Eniwa,   恵庭市,  Hokkaidō,    68754,  294.87,  233,     1970-11-01
Date,    伊達市,  Hokkaidō,    36461,  444.28,  82.1,    1972-04-01
Kitahiroshima,   北広島市,    Hokkaidō,    60291,  118.54,  509,     1996-09-01
Ishikari,    石狩市,  Hokkaidō,    60616,  721.86,  84.0,    1996-09-01
Shibetsu,    士別市,  Hokkaidō,    21640,  1119.29,    19.3,    2005-09-01
Kushiro,     釧路市,  Hokkaidō,    182263,     1362.75,    134,     2005-10-11
Hokuto,  北斗市,  Hokkaidō,    48779,  397.30,  123,     2006-02-01
Kitami,  北見市,  Hokkaidō,    124291,     1427.56,    87.1,    2006-03-05
Nayoro,  名寄市,  Hokkaidō,    29869,  535.23,  55.8,    2006-03-27
Kobe,    神戸市,  Hyōgo,   1530847,   552.23,  2772,   1889-04-01
Himeji,  姫路市,  Hyōgo,   536170,     534.27,  1004,   1889-04-01
Amagasaki,   尼崎市,  Hyōgo,   461202,     49.77,   9267,   1916-04-01
Akashi,  明石市,  Hyōgo,   292162,     49.24,   5933,   1919-11-01
Nishinomiya,     西宮市,  Hyōgo,   477056,     99.96,   4772,   1925-04-01
Ashiya,  芦屋市,  Hyōgo,   92828,  18.47,   5026,   1940-11-10
Itami,   伊丹市,  Hyōgo,   194488,     24.97,   7789,   1940-11-10
Aioi,    相生市,  Hyōgo,   31973,  90.45,   353,     1942-10-01
Toyooka,     豊岡市,  Hyōgo,   87555,  697.66,  125,     1950-04-01
Kakogawa,    加古川市,    Hyōgo,   267631,     138.51,  1932,   1950-06-15
Akō,     赤穂市,  Hyōgo,   51277,  126.88,  404,     1951-09-01
Takarazuka,  宝塚市,  Hyōgo,   222071,     101.80,  2181,   1954-04-01
Miki,    三木市,  Hyōgo,   83244,  176.58,  471,     1954-06-01
Takasago,    高砂市,  Hyōgo,   94198,  34.40,   2738,   1954-07-01
Kawanishi,   川西市,  Hyōgo,   157461,     53.44,   2947,   1954-08-01
Ono,     小野市,  Hyōgo,   49664,  92.92,   534,     1954-12-01
Sanda,   三田市,  Hyōgo,   113600,     210.22,  540,     1958-07-01
Kasai,   加西市,  Hyōgo,   48435,  150.95,  321,     1967-04-01
Sasayama,    篠山市,  Hyōgo,   44345,  377.61,  117,     1999-04-01
Yabu,    養父市,  Hyōgo,   27428,  422.78,  64.9,    2004-04-01
Tamba,   丹波市,  Hyōgo,   69233,  493.28,  140,     2004-11-01
Minamiawaji,     南あわじ,市,  Hyōgo,   51069  229.18,,  223     2005-01-11
Asago,   朝来市,  Hyōgo,   34084,  402.98,  84.6,    2005-04-01
Awaji,   淡路市,  Hyōgo,   47849,  184.21,  260,     2005-04-01
Shisō,   宍粟市,  Hyōgo,   42302,  658.60,  64.2,    2005-04-01
Nishiwaki,   西脇市,  Hyōgo,   43126,  132.47,  326,     2005-10-01
Tatsuno,     たつの,市,    Hyōgo,   80988  210.93,,  384     2005-10-01
Sumoto,  洲本市,  Hyōgo,   48631,  182.47,  267,     2006-02-11
Katō,    加東市,  Hyōgo,   39935,  157.49,  254,     2006-03-20
Mito,    水戸市,  Ibaraki,     264062,     217.43,  1214,   1889-04-01
Hitachi,     日立市,  Ibaraki,     195844,     225.55,  868,     1939-09-01
Tsuchiura,   土浦市,  Ibaraki,     143986,     113.82,  1265,   1940-11-03
Yūki,    結城市,  Ibaraki,     52065,  65.84,   791,     1954-03-15
Ryūgasaki,   龍ヶ,崎市,    Ibaraki,     79295  78.20,,   1014   1954-03-20
Shimotsuma,  下妻市,  Ibaraki,     45918,  80.88,   568,     1954-06-01
Jōsō,    常総市,  Ibaraki,     65858,  123.52,  533,     1954-07-10
Hitachiōta,  常陸太田市,  Ibaraki,     58461,  372.01,  157,     1954-07-15
Takahagi,    高萩市,  Ibaraki,     32031,  193.65,  165,     1954-11-23
Kitaibaraki,     北茨城市,    Ibaraki,     48437,  186.55,  260,     1956-03-31
Toride,  取手市,  Ibaraki,     109953,     69.96,   1572,   1970-10-01
Ushiku,  牛久市,  Ibaraki,     79254,  58.88,   1346,   1986-06-01
Tsukuba,     つくば,市,    Ibaraki,     207314     284.07,,  730     1987-11-30
Hitachinaka,     ひたちなか,市,    Ibaraki,     155338     99.04,,   1568   1994-11-01
Kashima,     鹿嶋市,  Ibaraki,     65193,  92.96,   701,     1995-09-01
Itako,   潮来市,  Ibaraki,     31103,  62.67,   496,     2001-04-01
Moriya,  守谷市,  Ibaraki,     57793,  35.63,   1622,   2002-02-02
Hitachiōmiya,    常陸大宮市,  Ibaraki,     46729,  348.38,  134,     2004-10-16
Naka,    那珂市,  Ibaraki,     54618,  97.80,   558,     2005-01-21
Bandō,   坂東市,  Ibaraki,     57128,  123.18,  464,     2005-03-22
Inashiki,    稲敷市,  Ibaraki,     48125,  178.12,  270,     2005-03-22
Chikusei,    筑西市,  Ibaraki,     110813,     205.35,  540,     2005-03-28
Kasumigaura,     かすみがうら,市,  Ibaraki,     44450  118.77,,  374     2005-03-28
Kamisu,  神栖市,  Ibaraki,     93538,  147.24,  635,     2005-08-01
Namegata,    行方市,  Ibaraki,     39117,  166.33,  235,     2005-09-02
Koga,    古河市,  Ibaraki,     144392,     123.58,  1168,   2005-09-12
Ishioka,     石岡市,  Ibaraki,     80502,  213.38,  377,     2005-10-01
Sakuragawa,  桜川市,  Ibaraki,     47480,  179.78,  264,     2005-10-01
Hokota,  鉾田市,  Ibaraki,     50869,  203.90,  249,     2005-10-11
Kasama,  笠間市,  Ibaraki,     80646,  240.27,  336,     2006-03-19
Tsukubamirai,    つくばみらい,市,  Ibaraki,     41957  79.14,,   530     2006-03-27
Omitama,     小美玉市,    Ibaraki,     52834,  140.21,  377,     2006-03-27
Kanazawa,    金沢市,  Ishikawa,    455595,     467.77,  974,     1889-04-01
Nonoichi,    野,々,市市,    Ishikawa    51976,  13.56,   3800   2011-11-11
Nanao,   七尾市,  Ishikawa,    60140,  317.96,  189,     1939-07-20
Komatsu,     小松市,  Ishikawa,    109285,     371.13,  294,     1940-12-01
Suzu,    珠洲市,  Ishikawa,    17111,  247.20,  69.2,    1954-07-15
Hakui,   羽咋市,  Ishikawa,    23963,  81.96,   292,     1958-07-01
Kahoku,  かほく,市,    Ishikawa,    34747  64.76,,   537     2004-03-01
Hakusan,     白山市,  Ishikawa,    110563,     755.17,  146,     2005-02-01
Nomi,    能美市,  Ishikawa,    48106,  83.85,   574,     2005-02-01
Kaga,    加賀市,  Ishikawa,    73745,  306.00,  241,     2005-10-01
Wajima,  輪島市,  Ishikawa,    31532,  426.25,  74.0,    2006-02-01
Morioka,     盛岡市,  Iwate,   299746,     886.47,  338,     1889-04-01
Kamaishi,    釜石市,  Iwate,   41348,  441.42,  93.7,    1937-05-05
Ōfunato,     大船渡市,    Iwate,   42119,  323.28,  130,     1952-04-01
Rikuzentakata,   陸前高田市,  Iwate,   23961,  232.29,  103,     1955-01-01
Kitakami,    北上市,  Iwate,   94806,  437.55,  217,     1991-04-01
Miyako,  宮古市,  Iwate,   58342,  696.82,  83.7,    2005-06-06
Hachimantai,     八幡平市,    Iwate,   29993,  862.25,  34.8,    2005-09-01
Ichinoseki,  一関市,  Iwate,   123155,     1133.10,    109,     2005-09-20
Tōno,    遠野市,  Iwate,   30587,  825.62,  37.0,    2005-10-01
Hanamaki,    花巻市,  Iwate,   103718,     908.32,  114,     2006-01-01
Ninohe,  二戸市,  Iwate,   30685,  420.31,  73.0,    2006-01-01
Ōshū,    奥州市,  Iwate,   128273,     993.35,  129,     2006-02-20
Kuji,    久慈市,  Iwate,   37824,  623.14,  60.7,    2006-03-06
Takamatsu,   高松市,  Kagawa,  418557,     375.11,  1116,   1890-02-15
Marugame,    丸亀市,  Kagawa,  110550,     111.79,  989,     1899-04-01
Sakaide,     坂出市,  Kagawa,  56501,  92.46,   611,     1942-07-01
Zentsūji,    善通寺市,    Kagawa,  35180,  39.88,   882,     1954-03-31
Sanuki,  さぬき,市,    Kagawa,  54832  158.90,,  345     2002-04-01
Higashikagawa,   東かがわ,市,  Kagawa,  34953  153.35,,  228     2003-04-01
Mitoyo,  三豊市,  Kagawa,  69997,  222.66,  314,     2006-01-01
Kan,'onji    ,観音寺市,    Kagawa,  64020  117.47,,  545     2007-03-12
Kagoshima,   鹿児島市,    Kagoshima,   605196,     547.06,  1106,   1889-04-01
Kanoya,  鹿屋市,  Kagoshima,   105673,     448.33,  236,     1941-05-27
Makurazaki,  枕崎市,  Kagoshima,   24400,  74.88,   326,     1949-09-01
Akune,   阿久根市,    Kagoshima,   24166,  134.30,  180,     1952-04-01
Izumi,   出水市,  Kagoshima,   56851,  330.06,  172,     1954-04-01
Ibusuki,     指宿市,  Kagoshima,   45455,  149.01,  305,     1954-04-01
Minamisatsuma,   南さつま,市,  Kagoshima,   40386  283.35,,  143     1954-07-15
Nishinoomote,    西之表市,    Kagoshima,   17666,  205.75,  85.9,    1958-10-01
Tarumizu,    垂水市,  Kagoshima,   18078,  162.01,  112,     1958-10-01
Satsumasendai,   薩摩川内市,  Kagoshima,   100730,     683.50,  147,     2004-10-12
Hioki,   日置市,  Kagoshima,   51472,  253.06,  203,     2005-05-01
Soo,     曽於市,  Kagoshima,   41179,  390.39,  105,     2005-07-01
Ichikikushikino,     いちき,串木野市,  Kagoshima,   32079  112.04,,  286     2005-10-11
Kirishima,   霧島市,  Kagoshima,   127726,     603.68,  212,     2005-11-07
Shibushi,    志布志市,    Kagoshima,   34105,  289.93,  118,     2006-01-01
Amami,   奄美市,  Kagoshima,   48116,  306.20,  157,     2006-03-20
Minamikyūshū,    南九州市,    Kagoshima,   40891,  357.85,  114,     2007-12-01
Yokohama,    横浜市,  Kanagawa,    3697894,   437.38,  8500,   1889-04-01
Yokosuka,    横須賀市,    Kanagawa,    421397,     100.68,  4186,   1907-02-15
Kawasaki,    川崎市,  Kanagawa,    1373630,   142.70,  9626,   1924-07-01
Hiratsuka,   平塚市,  Kanagawa,    260419,     67.83,   3839,   1932-04-01
Kamakura,    鎌倉市,  Kanagawa,    173588,     39.60,   4384,   1939-11-03
Fujisawa,    藤沢市,  Kanagawa,    402628,     69.51,   5792,   1940-10-01
Odawara,     小田原市,    Kanagawa,    198841,     114.09,  1743,   1940-12-20
Chigasaki,   茅ヶ,崎市,    Kanagawa,    231005     35.71,,   6469   1947-10-01
Zushi,   逗子市,  Kanagawa,    58654,  17.34,   3383,   1954-04-15
Sagamihara,  相模原市,    Kanagawa,    706342,     328.84,  2148,   1954-11-20
Miura,   三浦市,  Kanagawa,    49371,  32.28,   1529,   1955-01-01
Hadano,  秦野市,  Kanagawa,    169201,     103.61,  1633,   1955-01-01
Atsugi,  厚木市,  Kanagawa,    225163,     93.83,   2400,   1955-02-01
Yamato,  大和市,  Kanagawa,    223127,     27.06,   8246,   1959-02-01
Isehara,     伊勢原市,    Kanagawa,    100779,     55.52,   1815,   1971-03-01
Ebina,   海老名市,    Kanagawa,    126035,     26.48,   4760,   1971-11-01
Zama,    座間市,  Kanagawa,    127582,     17.58,   7257,   1971-11-01
Minamiashigara,  南足柄市,    Kanagawa,    44285,  76.93,   576,     1972-04-01
Ayase,   綾瀬市,  Kanagawa,    82083,  22.28,   3684,   1978-11-01
Kōchi,   高知市,  Kōchi,   342944,     309.22,  1109,   1889-04-01
Sukumo,  宿毛市,  Kōchi,   23771,  286.11,  83.1,    1954-03-31
Aki,     安芸市,  Kōchi,   20555,  317.34,  64.8,    1954-08-01
Tosashimizu,     土佐清水市,  Kōchi,   17421,  266.54,  65.4,    1954-08-01
Susaki,  須崎市,  Kōchi,   25679,  135.46,  190,     1954-10-01
Tosa,    土佐市,  Kōchi,   29726,  91.59,   325,     1959-01-01
Muroto,  室戸市,  Kōchi,   17683,  248.25,  71.2,    1959-03-01
Nankoku,     南国市,  Kōchi,   50315,  125.35,  401,     1959-10-01
Shimanto,    四万十市,    Kōchi,   37182,  632.42,  58.8,    2005-04-10
Kami,    香美市,  Kōchi,   29144,  538.22,  54.1,    2006-03-01
Kōnan,   香南市,  Kōchi,   34084,  126.49,  269,     2006-03-01
Kumamoto,    熊本市,  Kumamoto,    670348,     267.23,  2509,   1889-04-01
Yatsushiro,  八代市,  Kumamoto,    134491,     680.59,  198,     1940-09-01
Hitoyoshi,   人吉市,  Kumamoto,    36556,  210.55,  174,     1942-02-11
Arao,    荒尾市,  Kumamoto,    55505,  57.15,   971,     1942-04-01
Minamata,    水俣市,  Kumamoto,    28123,  162.88,  173,     1949-04-01
Tamana,  玉名市,  Kumamoto,    70747,  152.55,  464,     1954-04-01
Yamaga,  山鹿市,  Kumamoto,    56741,  299.67,  189,     1954-04-01
Kikuchi,     菊池市,  Kumamoto,    51471,  276.66,  186,     1958-08-01
Uto,     宇土市,  Kumamoto,    37897,  74.19,   511,     1958-10-01
Kami-Amakusa, 上天草市,    Kumamoto,    31051,  126.13,  246,     2004-03-31
Uki,     宇城市,  Kumamoto,    62718,  188.56,  333,     2005-01-15
Aso,     阿蘇市,  Kumamoto,    29149,  376.25,  77.5,    2005-02-11
Kōshi,   合志市,  Kumamoto,    53490,  53.17,   1006,   2006-02-27
Amakusa,     天草市,  Kumamoto,    93047,  683.17,  136,     2006-03-27
Kyoto,   京都市,  Kyoto,   1474570,   827.90,  1800,   1889-04-01
Fukuchiyama,     福知山市,    Kyoto,   80836,  552.57,  146,     1937-04-01
Maizuru,     舞鶴市,  Kyoto,   90461,  342.15,  264,     1943-05-27
Ayabe,   綾部市,  Kyoto,   37081,  347.11,  107,     1950-08-01
Uji,     宇治市,  Kyoto,   191297,     67.55,   2832,   1951-03-01
Miyazu,  宮津市,  Kyoto,   20565,  169.32,  121,     1954-06-01
Kameoka,     亀岡市,  Kyoto,   93641,  224.90,  416,     1955-01-01
Jōyō,    城陽市,  Kyoto,   80795,  32.74,   2468,   1972-05-03
Mukō,    向日市,  Kyoto,   55137,  7.67,    7189,   1972-10-01
Nagaokakyō,  長岡京市,    Kyoto,   79031,  19.18,   4120,   1972-10-01
Yawata,  八幡市,  Kyoto,   73822,  24.37,   3029,   1977-11-01
Kyōtanabe,   京田辺市,    Kyoto,   65211,  42.94,   1519,   1997-04-01
Kyōtango,    京丹後市,    Kyoto,   60980,  501.84,  122,     2004-04-01
Nantan,  南丹市,  Kyoto,   35937,  616.31,  58.3,    2006-06-01
Kizugawa,    木津川市,    Kyoto,   66783,  85.12,   785,     2007-03-12
Yokkaichi,   四日市市,    Mie,     306584,     205.53,  1492,   1897-08-01
Matsusaka,   松阪市,  Mie,     169571,     623.82,  272,     1933-02-01
Kuwana,  桑名市,  Mie,     140816,     136.61,  1031,   1937-04-01
Suzuka,  鈴鹿市,  Mie,     197437,     194.67,  1014,   1942-12-01
Nabari,  名張市,  Mie,     81184,  129.76,  626,     1954-03-31
Owase,   尾鷲市,  Mie,     21272,  193.16,  110,     1954-06-20
Kameyama,    亀山市,  Mie,     50304,  190.91,  263,     1954-10-01
Toba,    鳥羽市,  Mie,     22286,  107.98,  206,     1954-11-01
Inabe,   いなべ市,    Mie,     46676,  219.58,  213,     2003-12-01
Shima,   志摩市,  Mie,     56758,  179.70,  316,     2004-10-01
Iga,     伊賀市,  Mie,     99662,  558.17,  179,     2004-11-01
Ise,     伊勢市,  Mie,     133547,     208.53,  640,     2005-11-01
Kumano,  熊野市,  Mie,     20477,  373.63,  54.8,    2005-11-01
Tsu,     津市,    Mie,     289215,     710.81,  407,     2006-01-01
Sendai,  仙台市,  Miyagi,  1029552,   783.54,  1314,   1889-04-01
Ishinomaki,  石巻市,  Miyagi,  163840,     555.77,  295,     1933-04-01
Shiogama,    塩竈市,  Miyagi,  58057,  17.86,   3251,   1941-11-23
Shiroishi,   白石市,  Miyagi,  38629,  286.47,  135,     1954-04-01
Natori,  名取市,  Miyagi,  69610,  100.06,  696,     1958-10-01
Kakuda,  角田市,  Miyagi,  32559,  147.58,  221,     1958-10-01
Tagajō,  多賀城市,    Miyagi,  63200,  19.65,   3216,   1971-11-01
Iwanuma,     岩沼市,  Miyagi,  44595,  60.72,   734,     1971-11-01
Tome,    登米市,  Miyagi,  86940,  536.38,  162,     2005-04-01
Kurihara,    栗原市,  Miyagi,  77862,  804.93,  96.7,    2005-04-01
Higashimatsushima,   東松島市,    Miyagi,  43238,  101.86,  424,     2005-04-01
Kesennuma,   気仙沼市,    Miyagi,  64578,  226.67,  285,     2006-03-31
Ōsaki,   大崎市,  Miyagi,  137164,     796.76,  172,     2006-03-31
Miyazaki,    宮崎市,  Miyazaki,    369473,     596.80,  619,     1924-04-01
Miyakonojō,  都城市,  Miyazaki,    169384,     653.31,  259,     1924-04-01
Nobeoka,     延岡市,  Miyazaki,    132480,     867.97,  153,     1933-02-11
Nichinan,    日南市,  Miyazaki,    43264,  294.46,  147,     1950-01-01
Kobayashi,   小林市,  Miyazaki,    40514,  474.23,  85.4,    1950-04-01
Hyūga,   日向市,  Miyazaki,    63066,  336.29,  188,     1951-04-01
Kushima,     串間市,  Miyazaki,    21386,  294.96,  72.5,    1954-11-03
Saito,   西都市,  Miyazaki,    33290,  438.56,  75.9,    1958-11-01
Ebino,   えびの,市,    Miyazaki,    22445  283.00,,  79.3    1970-12-01
Matsumoto,   松本市,  Nagano,  227392,     919.35,  247,     1907-05-01
Okaya,   岡谷市,  Nagano,  53722,  85.14,   631,     1936-04-01
Suwa,    諏訪市,  Nagano,  52671,  109.06,  483,     1941-08-10
Suzaka,  須坂市,  Nagano,  53097,  149.84,  354,     1954-04-01
Komoro,  小諸市,  Nagano,  45333,  98.66,   459,     1954-04-01
Komagane,    駒ヶ,根市,    Nagano,  34696  165.92,,  209     1954-07-01
Ōmachi,  大町市,  Nagano,  31276,  564.99,  55.4,    1954-07-01
Iiyama,  飯山市,  Nagano,  24155,  202.32,  119,     1954-08-01
Iida,    飯田市,  Nagano,  107129,     658.76,  163,     1956-09-30
Chino,   茅野市,  Nagano,  57363,  266.41,  215,     1958-08-01
Shiojiri,    塩尻市,  Nagano,  67781,  290.13,  234,     1959-04-01
Nagano,  長野市,  Nagano,  378204,     730.83,  517,     1966-10-16
Chikuma,     千曲市,  Nagano,  63305,  119.84,  528,     2003-09-01
Tōmi,    東御市,  Nagano,  31211,  112.30,  278,     2004-04-01
Nakano,  中野市,  Nagano,  46295,  112.06,  413,     2005-04-01
Saku,    佐久市,  Nagano,  100077,     423.99,  236,     2005-04-01
Azumino,     安曇野市,    Nagano,  97084,  331.82,  293,     2005-10-01
Ueda,    上田市,  Nagano,  161887,     552.00,  293,     2006-03-06
Ina,     伊那市,  Nagano,  71937,  667.81,  108,     2006-03-31
Nagasaki,    長崎市,  Nagasaki,    448792,     406.37,  1104,   1889-04-01
Sasebo,  佐世保市,    Nagasaki,    254650,     364.00,  700,     1902-04-01
Shimabara,   島原市,  Nagasaki,    48953,  82.77,   591,     1940-04-01
Ōmura,   大村市,  Nagasaki,    89650,  126.34,  710,     1942-02-11
Tsushima,    対馬市,  Nagasaki,    36347,  708.81,  51.3,    2004-03-01
Iki,     壱岐市,  Nagasaki,    30352,  138.50,  219,     2004-03-01
Gotō,    五島市,  Nagasaki,    42447,  420.77,  101,     2004-08-01
Isahaya,     諫早市,  Nagasaki,    142635,     312.24,  457,     2005-03-01
Saikai,  西海市,  Nagasaki,    32737,  241.95,  135,     2005-04-01
Hirado,  平戸市,  Nagasaki,    36785,  235.63,  156,     2005-10-01
Unzen,   雲仙市,  Nagasaki,    48701,  206.92,  235,     2005-10-11
Matsuura,    松浦市,  Nagasaki,    26007,  130.35,  200,     2006-01-01
Minamishimabara,     南島原市,    Nagasaki,    52347,  169.88,  308,     2006-03-31
Nara,    奈良市,  Nara,    367393,     276.84,  1327,   1898-02-01
Yamatotakada,    大和高田市,  Nara,    69473,  16.49,   4213,   1948-01-01
Yamatokōriyama,  大和郡山市,  Nara,    90223,  42.68,   2114,   1954-01-01
Tenri,   天理市,  Nara,    70702,  86.37,   819,     1954-04-01
Kashihara,   橿原市,  Nara,    124679,     39.52,   3155,   1956-02-11
Sakurai,     桜井市,  Nara,    60699,  98.92,   614,     1956-09-01
Gojō,    五條市,  Nara,    36002,  292.05,  123,     1957-10-15
Gose,    御所市,  Nara,    31160,  60.58,   514,     1958-03-31
Ikoma,   生駒市,  Nara,    115359,     53.18,   2169,   1971-11-01
Kashiba,     香芝市,  Nara,    72967,  24.23,   3011,   1991-10-01
Katsuragi,   葛城市,  Nara,    35194,  33.73,   1043,   2004-10-01
Uda,     宇陀市,  Nara,    35895,  247.62,  145,     2006-01-01
Niigata,     新潟市,  Niigata,     813053,     726.10,  1120,   1889-04-01
Nagaoka,     長岡市,  Niigata,     281222,     840.88,  334,     1906-04-01
Kashiwazaki,     柏崎市,  Niigata,     93506,  442.70,  211,     1940-07-01
Shibata,     新発田市,    Niigata,     103490,     532.82,  194,     1947-01-01
Ojiya,   小千谷市,    Niigata,     39304,  155.12,  253,     1954-03-10
Kamo,    加茂市,  Niigata,     30800,  133.68,  230,     1954-03-10
Mitsuke,     見附市,  Niigata,     42139,  77.96,   541,     1954-03-31
Murakami,    村上市,  Niigata,     30197,  142.12,  212,     1954-03-31
Myōkō,   妙高市,  Niigata,     36837,  445.52,  82.7,    1954-11-01
Jōetsu,  上越市,  Niigata,     206175,     973.32,  212,     1971-04-29
Sado,    佐渡市,  Niigata,     65037,  855.26,  76.0,    2004-03-01
Agano,   阿賀野市,    Niigata,     46158,  192.72,  240,     2004-04-01
Uonuma,  魚沼市,  Niigata,     42334,  946.93,  44.7,    2004-11-01
Minami-Uonuma   ,南魚沼市,    Niigata,     62518,  584.82,  107,     2004-11-01
Itoigawa,    糸魚川市,    Niigata,     48653,  746.24,  65.2,    2005-03-19
Tōkamachi,   十日町市,    Niigata,     60480,  589.92,  103,     2005-04-01
Sanjō,   三条市,  Niigata,     103199,     432.01,  239,     2005-05-01
Tainai,  胎内市,  Niigata,     32165,  265.18,  121,     2005-09-01
Gosen,   五泉市,  Niigata,     55936,  351.87,  159,     2006-01-01
Tsubame,     燕市,    Niigata,     82910,  110.88,  748,     2006-03-20
Ōita,    大分市,  Ōita,    467267,     501.25,  932,     1911-04-01
Beppu,   別府市,  Ōita,    127345,     125.15,  1018,   1924-04-01
Nakatsu,     中津市,  Ōita,    84179,  491.09,  171,     1929-04-20
Hita,    日田市,  Ōita,    72601,  666.19,  109,     1940-12-11
Saiki,   佐伯市,  Ōita,    78675,  903.44,  87.1,    1941-04-29
Usuki,   臼杵市,  Ōita,    42464,  291.07,  146,     1950-04-01
Tsukumi,     津久見市,    Ōita,    20561,  79.53,   259,     1951-04-01
Taketa,  竹田市,  Ōita,    25449,  477.59,  53.3,    1954-03-31
Bungotakada,     豊後高田市,  Ōita,    24484,  206.64,  118,     1954-05-31
Usa,     宇佐市,  Ōita,    59971,  439.12,  137,     1967-04-01
Bungo-ōno, 豊後大野市,  Ōita,    40409,  603.36,  67.0,    2005-03-31
Kitsuki,     杵築市,  Ōita,    33465,  280.01,  120,     2005-10-01
Yufu,    由布市,  Ōita,    35298,  319.16,  111,     2005-10-01
Kunisaki,    国東市,  Ōita,    33473,  317.81,  105,     2006-03-31
Okayama,     岡山市,  Okayama,     701293,     789.91,  887,     1889-06-01
Kurashiki,   倉敷市,  Okayama,     472452,     354.71,  1332,   1928-04-01
Tsuyama,     津山市,  Okayama,     109493,     506.36,  216,     1929-02-11
Tamano,  玉野市,  Okayama,     65723,  103.63,  634,     1940-08-03
Kasaoka,     笠岡市,  Okayama,     55987,  136.03,  412,     1952-04-01
Ibara,   井原市,  Okayama,     44423,  243.36,  183,     1953-04-01
Sōja,    総社市,  Okayama,     66789,  212.00,  315,     1954-03-31
Takahashi,   高梁市,  Okayama,     37573,  547.01,  68.7,    1954-05-01
Niimi,   新見市,  Okayama,     35022,  793.27,  44.1,    1954-06-01
Bizen,   備前市,  Okayama,     39117,  258.23,  151,     1971-04-01
Setouchi,    瀬戸内市,    Okayama,     38645,  125.53,  308,     2004-11-01
Akaiwa,  赤磐市,  Okayama,     43742,  209.43,  209,     2005-03-07
Maniwa,  真庭市,  Okayama,     50405,  828.43,  60.8,    2005-03-31
Mimasaka,    美作市,  Okayama,     31550,  429.19,  73.5,    2005-03-31
Asakuchi,    浅口市,  Okayama,     37108,  66.46,   558,     2006-03-21
Naha,    那覇市,  Okinawa,     314162,     39.23,   7963,   1921-05-20
Ishigaki,    石垣市,  Okinawa,     46489,  229.00,  195,     1947-07-10
Ginowan,     宜野湾市,    Okinawa,     91233,  19.70,   4569,   1962-07-01
Urasoe,  浦添市,  Okinawa,     108052,     19.09,   5516,   1970-07-01
Nago,    名護市,  Okinawa,     60598,  210.30,  278,     1970-08-01
Itoman,  糸満市,  Okinawa,     56171,  46.63,   1200,   1971-12-01
Okinawa,     沖縄市,  Okinawa,     128421,     49.00,   2565,   1974-04-01
Tomigusuku,  豊見城市,    Okinawa,     54586,  19.45,   2751,   2002-04-01
Uruma,   うるま,市,    Okinawa,     114087     86.03,,   1313   2005-04-01
Miyakojima,  宮古島市,    Okinawa,     52777,  204.54,  275,     2005-10-01
Nanjō,   南城市,  Okinawa,     39458,  49.70,   819,     2006-01-01
Osaka,   大阪市,  Osaka,   2668586,   222.30,  11900,  1889-04-01
Sakai,   堺市,    Osaka,   835333,     149.99,  5569,   1889-04-01
Kishiwada,   岸和田市,    Osaka,   200538,     72.24,   2776,   1922-11-01
Toyonaka,    豊中市,  Osaka,   387269,     36.38,   10645,  1936-10-15
Ikeda,   池田市,  Osaka,   104426,     22.09,   4727,   1939-04-29
Suita,   吹田市,  Osaka,   354600,     36.11,   9820,   1940-04-01
Izumiōtsu,   泉大津市,    Osaka,   78014,  12.80,   6095,   1942-04-01
Takatsuki,   高槻市,  Osaka,   354228,     105.31,  3364,   1943-01-01
Kaizuka,     貝塚市,  Osaka,   90447,  43.99,   2056,   1943-05-01
Moriguchi,   守口市,  Osaka,   146294,     12.73,   11492,  1946-11-01
Hirakata,    枚方市,  Osaka,   406201,     65.08,   6242,   1947-08-01
Ibaraki,     茨木市,  Osaka,   272240,     76.52,   3558,   1948-01-01
Yao,     八尾市,  Osaka,   273244,     41.71,   6551,   1948-04-01
Izumisano,   泉佐野市,    Osaka,   99636,  55.03,   1811,   1948-04-01
Tondabayashi,    富田林市,    Osaka,   122205,     39.66,   3081,   1950-04-01
Neyagawa,    寝屋川市,    Osaka,   239029,     24.73,   9666,   1951-05-03
Kawachinagano,   河内長野市,  Osaka,   114428,     109.61,  1044,   1954-04-01
Matsubara,   松原市,  Osaka,   125274,     16.66,   7519,   1955-02-01
Daitō,   大東市,  Osaka,   125847,     18.27,   6888,   1956-04-01
Izumi,   和泉市,  Osaka,   179352,     84.98,   2110,   1956-09-01
Minoh,   箕面市,  Osaka,   127757,     47.84,   2671,   1956-12-01
Kashiwara,   柏原市,  Osaka,   75875,  25.39,   2988,   1958-10-01
Habikino,    羽曳野市,    Osaka,   118281,     26.44,   4474,   1959-01-15
Kadoma,  門真市,  Osaka,   130026,     12.28,   10588,  1963-08-01
Settsu,  摂津市,  Osaka,   84330,  14.88,   5667,   1966-11-01
Takaishi,    高石市,  Osaka,   60077,  11.35,   5293,   1966-11-01
Fujiidera,   藤井寺市,    Osaka,   65892,  8.89,    7412,   1966-11-01
Higashiōsaka,    東大阪市,    Osaka,   509157,     61.81,   8237,   1967-02-01
Sennan,  泉南市,  Osaka,   64916,  48.48,   1339,   1970-07-01
Shijōnawate,     四条畷市,    Osaka,   57239,  18.74,   3054,   1970-07-01
Katano,  交野市,  Osaka,   77853,  25.55,   3047,   1971-11-03
Ōsakasayama,     大阪狭山市,  Osaka,   58661,  11.86,   4946,   1987-10-01
Hannan,  阪南市,  Osaka,   56853,  36.10,   1575,   1991-10-01
Tosu,    鳥栖市,  Saga,    66842,  71.73,   932,     1954-04-01
Imari,   伊万里市,    Saga,    57604,  254.99,  226,     1954-04-01
Kashima,     鹿島市,  Saga,    31326,  112.10,  279,     1954-04-01
Taku,    多久市,  Saga,    22165,  96.93,   229,     1954-05-01
Karatsu,     唐津市,  Saga,    129194,     487.45,  265,     2005-01-01
Ogi,     小城市,  Saga,    45516,  95.85,   475,     2005-03-01
Saga,    佐賀市,  Saga,    239932,     431.42,  556,     2005-10-01
Ureshino,    嬉野市,  Saga,    29644,  126.51,  234,     2006-01-01
Takeo,   武雄市,  Saga,    50788,  195.44,  260,     2006-03-01
Kanzaki,     神埼市,  Saga,    33449,  125.01,  268,     2006-03-20
Kawagoe,     川越市,  Saitama,     335693,     109.16,  3075,   1922-12-01
Kawaguchi,   川口市,  Saitama,     552883,     61.97,   8922,   1933-04-01
Gyōda,   行田市,  Saitama,     87462,  67.37,   1298,   1949-05-03
Chichibu,    秩父市,  Saitama,     69139,  577.69,  120,     1950-04-01
Tokorozawa,  所沢市,  Saitama,     338560,     71.99,   4703,   1950-11-03
Hannō,   飯能市,  Saitama,     84053,  193.16,  435,     1954-01-01
Kazo,    加須市,  Saitama,     67862,  59.40,   1142,   1954-05-03
Higashimatsuyama,    東松山市,    Saitama,     90840,  65.33,   1390,   1954-07-01
Sayama,  狭山市,  Saitama,     156634,     49.04,   3194,   1954-07-01
Hanyū,   羽生市,  Saitama,     56820,  58.55,   970,     1954-09-01
Kōnosu,  鴻巣市,  Saitama,     119768,     67.49,   1775,   1954-09-30
Ageo,    上尾市,  Saitama,     222479,     45.55,   4884,   1958-07-15
Sōka,    草加市,  Saitama,     237964,     27.42,   8678,   1958-11-01
Koshigaya,   越谷市,  Saitama,     318592,     60.31,   5283,   1958-11-03
Warabi,  蕨市,    Saitama,     70410,  5.10,    13806,  1959-04-01
Toda,    戸田市,  Saitama,     118591,     18.17,   6527,   1966-10-01
Iruma,   入間市,  Saitama,     148203,     44.74,   3313,   1966-11-01
Asaka,   朝霞市,  Saitama,     126902,     18.38,   6904,   1967-03-15
Shiki,   志木市,  Saitama,     68531,  9.06,    7564,   1970-10-26
Wakō,    和光市,  Saitama,     78575,  11.04,   7117,   1970-10-31
Niiza,   新座市,  Saitama,     155926,     22.80,   6839,   1970-11-01
Okegawa,     桶川市,  Saitama,     74703,  25.26,   2957,   1970-11-03
Kuki,    久喜市,  Saitama,     71667,  25.35,   2827,   1971-10-01
Kitamoto,    北本市,  Saitama,     69903,  19.84,   3523,   1971-11-03
Yashio,  八潮市,  Saitama,     78601,  18.03,   4359,   1972-01-15
Fujimi,  富士見市,    Saitama,     105286,     19.70,   5344,   1972-04-10
Misato,  三郷市,  Saitama,     128956,     30.16,   4276,   1972-05-03
Hasuda,  蓮田市,  Saitama,     63375,  27.27,   2324,   1972-10-01
Sakado,  坂戸市,  Saitama,     99680,  40.97,   2433,   1976-09-01
Satte,   幸手市,  Saitama,     53485,  33.95,   1575,   1986-10-01
Tsurugashima,    鶴ヶ,島市,    Saitama,     70131  17.73,,   3955   1991-09-01
Hidaka,  日高市,  Saitama,     55454,  47.50,   1167,   1991-10-01
Yoshikawa,   吉川市,  Saitama,     63050,  31.62,   1994,   1996-04-01
Saitama,     さいたま,市,  Saitama,     1192418   217.49,,  5483   2001-05-01
Kumagaya,    熊谷市,  Saitama,     204853,     159.88,  1281,   2005-10-01
Kasukabe,    春日部市,    Saitama,     236854,     65.98,   3590,   2005-10-01
Fujimino,    ふじみ,野市,  Saitama,     103724     14.67,,   7070   2005-10-01
Fukaya,  深谷市,  Saitama,     146128,     137.58,  1062,   2006-01-01
Honjō,   本庄市,  Saitama,     81805,  89.71,   912,     2006-01-10
Ōtsu,    大津市,  Shiga,   329024,     464.10,  709,     1898-10-01
Hikone,  彦根市,  Shiga,   110945,     196.84,  564,     1937-02-11
Ōmihachiman,     近江八幡市,  Shiga,   69116,  153.09,  451,     1954-03-31
Kusatsu,     草津市,  Shiga,   123512,     67.92,   1818,   1954-10-15
Moriyama,    守山市,  Shiga,   74263,  54.81,   1355,   1970-07-01
Rittō,   栗東市,  Shiga,   62353,  52.75,   1182,   2001-10-01
Kōka,    甲賀市,  Shiga,   94007,  481.69,  195,     2004-10-01
Yasu,    野洲市,  Shiga,   49821,  81.07,   615,     2004-10-01
Konan,   湖南市,  Shiga,   55144,  70.49,   782,     2004-10-01
Takashima,   高島市,  Shiga,   52967,  693.00,  76.4,    2005-01-01
Higashiōmi,  東近江市,    Shiga,   117487,     388.58,  302,     2005-02-11
Maibara,     米原市,  Shiga,   40757,  250.46,  163,     2005-02-14
Nagahama,    長浜市,  Shiga,   83555,  247.01,  338,     2006-02-13
Matsue,  松江市,  Shimane,     195875,     530.27,  369,     1889-04-01
Izumo,   出雲市,  Shimane,     146115,     543.48,  269,     1941-11-03
Masuda,  益田市,  Shimane,     50980,  733.16,  69.5,    1952-08-01
Yasugi,  安来市,  Shimane,     42997,  420.97,  102,     1954-04-01
Gōtsu,   江津市,  Shimane,     26958,  268.51,  100,     1954-04-01
Unnan,   雲南市,  Shimane,     43269,  553.37,  78.2,    2004-11-01
Hamada,  浜田市,  Shimane,     61325,  689.60,  88.9,    2005-10-01
Ōda,     大田市,  Shimane,     39593,  436.11,  90.8,    2005-10-01
Shizuoka,    静岡市,  Shizuoka,    710944,     1388.78,    512,     1889-04-01
Hamamatsu,   浜松市,  Shizuoka,    811431,     1511.17,    537,     1911-07-01
Numazu,  沼津市,  Shizuoka,    206818,     187.11,  1105,   1923-07-01
Atami,   熱海市,  Shizuoka,    40524,  61.56,   658,     1937-04-10
Mishima,     三島市,  Shizuoka,    112320,     62.13,   1808,   1941-04-29
Fujinomiya,  富士宮市,    Shizuoka,    122122,     314.81,  388,     1942-06-01
Itō,     伊東市,  Shizuoka,    72038,  124.13,  580,     1947-08-10
Shimada,     島田市,  Shizuoka,    95762,  195.40,  490,     1948-01-01
Iwata,   磐田市,  Shizuoka,    172583,     164.08,  1052,   1948-04-01
Yaizu,   焼津市,  Shizuoka,    120331,     46.01,   2615,   1951-03-01
Kakegawa,    掛川市,  Shizuoka,    118660,     265.63,  447,     1954-03-31
Fujieda,     藤枝市,  Shizuoka,    129637,     140.74,  921,     1954-03-31
Gotenba,     御殿場市,    Shizuoka,    88078,  194.63,  453,     1955-02-11
Fukuroi,     袋井市,  Shizuoka,    85163,  108.56,  784,     1958-11-03
Fuji,    富士市,  Shizuoka,    237279,     214.10,  1108,   1966-11-01
Shimoda,     下田市,  Shizuoka,    25784,  104.70,  246,     1971-01-01
Susono,  裾野市,  Shizuoka,    53740,  138.39,  388,     1971-01-01
Kosai,   湖西市,  Shizuoka,    44545,  55.08,   809,     1972-01-01
Izu,     伊豆市,  Shizuoka,    35911,  363.97,  98.7,    2004-04-01
Omaezaki,    御前崎市,    Shizuoka,    35015,  65.85,   532,     2004-04-01
Kikugawa,    菊川市,  Shizuoka,    47702,  94.24,   506,     2005-01-17
Izunokuni,   伊豆の,国市,  Shizuoka,    49711  94.71,,   525     2005-04-01
Makinohara,  牧之原市,    Shizuoka,    49726,  111.50,  446,     2005-10-11
Utsunomiya,  宇都宮市,    Tochigi,     507833,     416.84,  1218,   1896-04-01
Ashikaga,    足利市,  Tochigi,     157793,     177.82,  887,     1921-01-01
Tochigi,     栃木市,  Tochigi,     81601,  122.06,  669,     1937-04-01
Kanuma,  鹿沼市,  Tochigi,     103690,     490.62,  211,     1948-10-10
Oyama,   小山市,  Tochigi,     162283,     171.61,  946,     1954-03-31
Mooka,   真岡市,  Tochigi,     66705,  111.76,  597,     1954-10-01
Ōtawara,     大田原市,    Tochigi,     78563,  354.12,  222,     1954-12-01
Yaita,   矢板市,  Tochigi,     35462,  170.66,  208,     1958-11-01
Nasushiobara,    那須塩原市,  Tochigi,     115633,     592.82,  195,     2005-01-01
Sano,    佐野市,  Tochigi,     123034,     356.07,  346,     2005-02-28
Sakura,  さくら,市,    Tochigi,     42403  125.46,,  338     2005-03-28
Nasukarasuyama,  那須烏山市,  Tochigi,     30433,  174.42,  174,     2005-10-01
Shimotsuke,  下野市,  Tochigi,     59459,  74.58,   797,     2006-01-10
Nikkō,   日光市,  Tochigi,     92181,  1449.87,    63.6,    2006-03-20
Tokushima,   徳島市,  Tokushima,   266370,     191.39,  1392,   1889-10-01
Naruto,  鳴門市,  Tokushima,   62453,  135.46,  461,     1947-03-15
Komatsushima,    小松島市,    Tokushima,   41540,  45.24,   918,     1951-06-01
Anan,    阿南市,  Tokushima,   77099,  279.39,  276,     1958-05-01
Yoshinogawa,     吉野川市,    Tokushima,   44905,  144.19,  311,     2004-10-01
Mima,    美馬市,  Tokushima,   33520,  367.38,  91.2,    2005-03-01
Awa,     阿波市,  Tokushima,   40303,  190.97,  211,     2005-04-01
Miyoshi,     三好市,  Tokushima,   32329,  721.48,  44.8,    2006-03-01
Hachiōji,    八王子市,    Tokyo,   567367,     186.31,  3045,   1917-09-01
Tachikawa,   立川市,  Tokyo,   175639,     24.38,   7204,   1940-12-01
Musashino,   武蔵野市,    Tokyo,   138516,     10.73,   12909,  1947-11-03
Mitaka,  三鷹市,  Tokyo,   180797,     16.50,   10957,  1950-11-03
Ōme,     青梅市,  Tokyo,   141708,     103.26,  1372,   1951-04-01
Fuchū,   府中市,  Tokyo,   248445,     29.34,   8468,   1954-04-01
Akishima,    昭島市,  Tokyo,   111763,     17.33,   6449,   1954-05-01
Chōfu,   調布市,  Tokyo,   219053,     21.53,   10174,  1955-04-01
Machida,     町田市,  Tokyo,   413786,     71.63,   5777,   1958-02-01
Koganei,     小金井市,    Tokyo,   115116,     11.33,   10160,  1958-10-01
Kodaira,     小平市,  Tokyo,   185829,     20.46,   9083,   1962-10-01
Hino,    日野市,  Tokyo,   179482,     27.53,   6520,   1963-11-03
Higashimurayama,     東村山市,    Tokyo,   146585,     17.17,   8537,   1964-04-01
Kokubunji,   国分寺市,    Tokyo,   118801,     11.48,   10349,  1964-11-03
Kunitachi,   国立市,  Tokyo,   73362,  8.15,    9001,   1967-01-01
Fussa,   福生市,  Tokyo,   60413,  10.24,   5900,   1970-07-01
Komae,   狛江市,  Tokyo,   78237,  6.39,    12244,  1970-10-01
Higashiyamato,   東大和市,    Tokyo,   81445,  13.54,   6015,   1970-10-01
Kiyose,  清瀬市,  Tokyo,   73518,  10.19,   7215,   1970-10-01
Higashikurume,   東久留米市,  Tokyo,   115405,     12.92,   8932,   1970-10-01
Musashimurayama,     武蔵村山市,  Tokyo,   68333,  15.37,   4446,   1970-11-03
Tama,    多摩市,  Tokyo,   149404,     21.08,   7087,   1971-11-01
Inagi,   稲城市,  Tokyo,   80772,  17.97,   4495,   1971-11-01
Hamura,  羽村市,  Tokyo,   56984,  9.91,    5750,   1991-11-01
Akiruno,     あきる,野市,  Tokyo,   80268  73.34,,   1094   1995-09-01
Nishitōkyō,  西東京市,    Tokyo,   193350,     15.85,   12199,  2001-01-21
Special, wards of, Tokyo,  ,東京特別区部    Tokyo,   8637098,   621.81  1
Adachi,  足立区,  Tokyo,   629392,     53.20,   11830,  1947-03-13
Arakawa,     荒川区,  Tokyo,   194777,     10.20,   18262,  1947-03-13
Bunkyo,  文京区,  Tokyo,   194933,     11.31,   16009,  1947-03-13
Chiyoda,     千代田区,    Tokyo,   43802,  11.64,   3763,   1947-03-13
Chūō,    中央区,  Tokyo,   104997,     10.15,   10344,  1947-03-13
Edogawa,     江戸川区,    Tokyo,   661386,     49.86,   13264,  1947-03-13
Itabashi,    板橋区,  Tokyo,   529059,     32.17,   16445,  1947-03-13
Katsushika,  葛飾区,  Tokyo,   428066,     34.84,   12286,  1947-03-13
Kita,    北区,    Tokyo,   330646,     20.59,   15885,  1947-03-13
Koto,    江東区,  Tokyo,   436337,     39.80,   10963,  1947-03-13
Meguro,  目黒区,  Tokyo,   267798,     14.70,   18217,  1947-03-13
Minato,  港区,    Tokyo,   205196,     20.34,   10088,  1947-03-13
Nakano,  中野区,  Tokyo,   312939,     15.59,   20097,  1947-03-13
Nerima,  練馬区,  Tokyo,   702202,     48.16,   14580,  1947-08-01
Ōta,     大田区,  Tokyo,   674590,     59.46,   11345,  1947-03-13
Setagaya,    世田谷区,    Tokyo,   855416,     58.08,   14728,  1947-03-13
Shibuya,     渋谷区,  Tokyo,   205512,     15.11,   13337,  1947-03-13
Shinagawa,   品川区,  Tokyo,   353887,     22.72,   15576,  1947-03-13
Shinjuku,    新宿区,  Tokyo,   309463,     18.23,   16975,  1947-03-13
Suginami,    杉並区,  Tokyo,   534981,     34.02,   15725,  1947-03-13
Sumida,  墨田区,  Tokyo,   237433,     13.75,   16079,  1947-03-13
Taitō,   台東区,  Tokyo,   168277,     10.08,   16139,  1947-03-13
Toshima,     豊島区,  Tokyo,   256009,     13.01,   19428,  1947-03-13
Tottori,     鳥取市,  Tottori,     200315,     765.66,  262,     1889-10-01
Yonago,  米子市,  Tottori,     149140,     132.21,  1128,   1927-04-01
Kurayoshi,   倉吉市,  Tottori,     51453,  272.15,  189,     1953-10-01
Sakaiminato,     境港市,  Tottori,     35908,  28.79,   1247,   1956-04-01
Toyama,  富山市,  Toyama,  421116,     1241.85,    339,     1889-04-01
Uozu,    魚津市,  Toyama,  45945,  200.63,  229,     1952-04-01
Himi,    氷見市,  Toyama,  53316,  230.47,  231,     1952-08-01
Namerikawa,  滑川市,  Toyama,  33789,  54.61,   619,     1954-03-01
Tonami,  砺波市,  Toyama,  49396,  126.96,  389,     1954-04-01
Oyabe,   小矢部市,    Toyama,  32656,  134.11,  244,     1962-08-01
Nanto,   南砺市,  Toyama,  57061,  668.86,  85.3,    2004-11-01
Takaoka,     高岡市,  Toyama,  178965,     209.38,  855,     2005-11-01
Imizu,   射水市,  Toyama,  94691,  109.18,  867,     2005-11-01
Kurobe,  黒部市,  Toyama,  42612,  426.34,  99.9,    2006-03-31
Wakayama,    和歌山市,    Wakayama,    372175,     209.23,  1779,   1889-04-01
Kainan,  海南市,  Wakayama,    55877,  101.18,  552,     1934-05-01
Tanabe,  田辺市,  Wakayama,    80478,  1026.77,    78.4,    1942-05-20
Gobō,    御坊市,  Wakayama,    26335,  43.93,   599,     1954-04-01
Arida,   有田市,  Wakayama,    31194,  36.92,   845,     1956-05-01
Shingū,  新宮市,  Wakayama,    32654,  255.43,  128,     2005-10-01
Kinokawa,    紀の,川市,    Wakayama,    67192  228.24,,  294     2005-11-07
Hashimoto,   橋本市,  Wakayama,    67505,  130.31,  518,     2006-03-01
Iwade,   岩出市,  Wakayama,    51843,  38.50,   1347,   2006-04-01
Yamagata,    山形市,  Yamagata,    255370,     381.34,  670,     1889-04-01
Yonezawa,    米沢市,  Yamagata,    91704,  548.74,  167,     1889-04-01
Shinjō,  新庄市,  Yamagata,    39808,  223.08,  178,     1949-04-01
Sagae,   寒河江市,    Yamagata,    43299,  139.08,  311,     1954-08-01
Kaminoyama,  上山市,  Yamagata,    35086,  240.95,  146,     1954-10-01
Murayama,    村山市,  Yamagata,    27586,  196.83,  140,     1954-11-01
Nagai,   長井市,  Yamagata,    30285,  214.69,  141,     1954-11-15
Tendō,   天童市,  Yamagata,    63470,  113.01,  562,     1958-10-01
Higashine,   東根市,  Yamagata,    46141,  207.17,  223,     1958-11-03
Obanazawa,   尾花沢市,    Yamagata,    19937,  372.32,  53.5,    1959-04-10
Nan,'yō  ,南陽市,  Yamagata,    34542  160.70,,  215     1967-04-01
Tsuruoka,    鶴岡市,  Yamagata,    140097,     1311.51,    107,     2005-10-01
Sakata,  酒田市,  Yamagata,    114964,     602.79,  191,     2005-11-01
Ube,     宇部市,  Yamaguchi,   176370,     287.69,  613,     1921-11-01
Hōfu,    防府市,  Yamaguchi,   116393,     188.59,  617,     1936-08-25
Kudamatsu,   下松市,  Yamaguchi,   54026,  89.36,   605,     1939-11-03
Mine,    美祢市,  Yamaguchi,   17355,  228.25,  76.0,    1954-03-31
Shūnan,  周南市,  Yamaguchi,   150299,     656.25,  229,     2003-04-21
Hikari,  光市,    Yamaguchi,   53274,  91.94,   579,     2004-10-04
Shimonoseki,     下関市,  Yamaguchi,   286073,     716.06,  400,     2005-02-13
Yanai,   柳井市,  Yamaguchi,   35438,  139.90,  253,     2005-02-21
Hagi,    萩市,    Yamaguchi,   55831,  698.87,  79.9,    2005-03-06
Nagato,  長門市,  Yamaguchi,   39825,  357.92,  111,     2005-03-22
San,'yō-Onoda,    山陽小野田市,    Yamaguchi,   65523,  132.99,  493     2005-03-22
Yamaguchi,   山口市,  Yamaguchi,   192008,     730.23,  263,     2005-10-01
Iwakuni,     岩国市,  Yamaguchi,   146885,     872.71,  168,     2006-03-20
Kōfu,    甲府市,  Yamanashi,   199374,     212.41,  939,     1889-07-01
Fujiyoshida,     富士吉田市,  Yamanashi,   51879,  121.83,  426,     1951-03-20
Tsuru,   都留市,  Yamanashi,   34439,  161.58,  213,     1954-04-29
Ōtsuki,  大月市,  Yamanashi,   29869,  280.30,  107,     1954-08-08
Nirasaki,    韮崎市,  Yamanashi,   33539,  143.73,  233,     1954-10-10
Minami-Alps, 南アルプス,市,    Yamanashi,   72295,  264.06,  274,     2003-04-01
Kai,     甲斐市,  Yamanashi,   74077,  71.94,   1030,   2004-09-01
Fuefuki,     笛吹市,  Yamanashi,   71184,  201.92,  353,     2004-10-12
Hokuto,  北杜市,  Yamanashi,   47754,  602.89,  79.2,    2004-11-01
Uenohara,    上野原市,    Yamanashi,   28295,  170.65,  166,     2005-02-13
Yamanashi,   山梨市,  Yamanashi,   38202,  289.87,  132,     2005-03-22
Kōshū,   甲州市,  Yamanashi,   35072,  264.01,  133,     2005-11-01
Chūō,    中央市,  Yamanashi,   31875,  31.81,   1002,   2006-02-01
